epoch,time,train/box_loss,train/cls_loss,train/l1_loss,metrics/precision(B),metrics/recall(B),metrics/mAP50(B),metrics/mAP50-95(B),val/box_loss,val/cls_loss,val/l1_loss,lr/pg0,lr/pg1,lr/pg2
1,22.2371,3.11653,7.32343,0.00784,0.62194,0.55263,0.55682,0.21198,2.42492,2.03339,0.00608,0.000555556,0.000555556,0.000555556
2,28.1602,2.46854,4.02383,0.00471,0.25641,0.46053,0.16489,0.04846,2.28059,48.5298,0.00553,0.00121617,0.00121617,0.00121617
3,33.9798,2.19769,1.81522,0.00376,0.64898,0.52303,0.49982,0.2011,2.01094,19.5109,0.00509,0.00187019,0.00187019,0.00187019
4,39.8153,2.09718,1.57233,0.00347,0.32084,0.11184,0.09171,0.03959,3.08141,4.23271,0.0118,0.0019703,0.0019703,0.0019703
5,45.5632,1.93407,1.29327,0.00317,0,0,0,0,nan,nan,nan,0.0019604,0.0019604,0.0019604
6,51.342,1.91765,1.21613,0.0031,0.44047,0.31579,0.28699,0.13004,3.02878,2.60879,0.00757,0.0019505,0.0019505,0.0019505
7,57.099,1.85738,1.03339,0.00303,0.08221,0.01974,0.00642,0.00135,4.83336,4.74819,0.01239,0.0019406,0.0019406,0.0019406
8,62.8574,1.86234,1.03911,0.00295,0.00749,0.08553,0.00136,0.00027,4.10194,4.46628,0.01229,0.0019307,0.0019307,0.0019307
9,68.5647,1.79281,0.93779,0.00281,0.20933,0.02961,0.01249,0.00352,4.07815,6.09796,0.01593,0.0019208,0.0019208,0.0019208
10,74.3008,1.84005,1.00461,0.00286,0.09408,0.08882,0.05003,0.02331,3.42128,6.2782,0.01211,0.0019109,0.0019109,0.0019109
11,80.0391,1.82689,0.97362,0.00289,0.03025,0.21053,0.02197,0.00909,3.28063,5.18097,0.00786,0.001901,0.001901,0.001901
12,85.7612,1.72144,0.87943,0.00276,0.36364,0.02632,0.01921,0.00648,3.2366,6.05314,0.01149,0.0018911,0.0018911,0.0018911
13,91.537,1.74195,0.81123,0.0027,0.8236,0.7065,0.76943,0.45451,1.55121,1.25973,0.00337,0.0018812,0.0018812,0.0018812
14,97.6589,1.68752,0.84415,0.00288,0.6832,0.43421,0.4898,0.27252,2.03677,2.32353,0.00471,0.0018713,0.0018713,0.0018713
15,103.452,1.66873,0.78532,0.00265,0.89856,0.69408,0.7892,0.46876,1.58014,1.08577,0.00355,0.0018614,0.0018614,0.0018614
16,109.395,1.65292,0.74754,0.00267,0.82953,0.69737,0.76752,0.44462,1.60407,1.07357,0.00356,0.0018515,0.0018515,0.0018515
17,115.213,1.65712,0.79599,0.00258,0.75663,0.5625,0.63178,0.31141,1.8847,1.46217,0.00427,0.0018416,0.0018416,0.0018416
18,121.042,1.66702,0.84161,0.0026,0.71498,0.59211,0.66097,0.3235,1.79101,1.35423,0.00418,0.0018317,0.0018317,0.0018317
19,126.85,1.62173,0.7508,0.00265,0.88696,0.80592,0.8486,0.40669,1.77657,0.83815,0.00403,0.0018218,0.0018218,0.0018218
20,132.656,1.72755,0.79594,0.00266,0.91259,0.75987,0.82654,0.45823,1.66536,0.8871,0.00369,0.0018119,0.0018119,0.0018119
21,138.415,1.78111,0.75287,0.00287,0.85759,0.67763,0.76378,0.42728,1.73088,1.27364,0.00394,0.001802,0.001802,0.001802
22,144.232,1.70095,0.72536,0.00257,0.95019,0.83224,0.87771,0.54008,1.53941,0.72277,0.00343,0.0017921,0.0017921,0.0017921
23,150.226,1.68116,0.76693,0.00263,0.96504,0.81725,0.89078,0.57462,1.48867,0.6753,0.00324,0.0017822,0.0017822,0.0017822
24,156.15,1.65891,0.74356,0.00255,0.96069,0.83224,0.88011,0.56703,1.43904,0.71559,0.00316,0.0017723,0.0017723,0.0017723
25,162.006,1.62636,0.74334,0.00245,0.954,0.82895,0.88849,0.56252,1.39575,0.72148,0.00296,0.0017624,0.0017624,0.0017624
26,167.831,1.69591,0.75467,0.00261,0.99153,0.79605,0.87973,0.54802,1.5052,0.73547,0.0033,0.0017525,0.0017525,0.0017525
27,173.675,1.66414,0.78619,0.00252,0.92465,0.80739,0.88669,0.51524,1.56993,0.69573,0.00339,0.0017426,0.0017426,0.0017426
28,179.465,1.61698,0.74262,0.00252,0.95219,0.85176,0.90966,0.54468,1.62843,0.67347,0.00369,0.0017327,0.0017327,0.0017327
29,185.282,1.69316,0.75985,0.0026,0.96631,0.82566,0.89545,0.46915,1.93629,0.75179,0.00425,0.0017228,0.0017228,0.0017228
30,191.048,1.62661,0.70051,0.00251,0.96538,0.8256,0.9031,0.5566,1.51025,0.71819,0.0033,0.0017129,0.0017129,0.0017129
31,196.894,1.66832,0.72996,0.0025,0.97692,0.83542,0.90565,0.54882,1.52174,0.70889,0.00326,0.001703,0.001703,0.001703
32,202.697,1.57249,0.6418,0.00244,0.97199,0.82237,0.88957,0.51283,1.61731,0.66149,0.00366,0.0016931,0.0016931,0.0016931
33,208.492,1.66902,0.76506,0.00256,0.97158,0.83882,0.91176,0.55532,1.46819,0.59803,0.00307,0.0016832,0.0016832,0.0016832
34,215.775,1.65801,0.71355,0.00264,0.92821,0.80592,0.88651,0.56079,1.61262,0.61878,0.00359,0.0016733,0.0016733,0.0016733
35,221.576,1.56303,0.70828,0.00249,0.90848,0.84897,0.89546,0.57366,1.4727,0.62752,0.00322,0.0016634,0.0016634,0.0016634
36,227.436,1.5665,0.67461,0.00238,0.98087,0.84317,0.91886,0.59409,1.53419,0.56006,0.00327,0.0016535,0.0016535,0.0016535
37,233.371,1.60242,0.71095,0.00252,0.98502,0.83224,0.91244,0.58923,1.39088,0.60074,0.00302,0.0016436,0.0016436,0.0016436
38,239.238,1.53726,0.64746,0.00243,0.94658,0.816,0.88662,0.52096,1.53075,0.69556,0.00336,0.0016337,0.0016337,0.0016337
39,245.029,1.58564,0.72518,0.00241,0.9413,0.81579,0.88852,0.50561,1.59864,0.72057,0.00344,0.0016238,0.0016238,0.0016238
40,250.847,1.53026,0.66695,0.00234,0.89954,0.79532,0.85446,0.43711,1.78115,0.82929,0.00385,0.0016139,0.0016139,0.0016139
41,256.667,1.63145,0.7107,0.00244,0.88514,0.79605,0.85564,0.4913,1.66831,0.94891,0.00387,0.001604,0.001604,0.001604
42,262.46,1.59787,0.65875,0.00224,0.96157,0.85855,0.89596,0.58892,1.38961,0.66372,0.00296,0.0015941,0.0015941,0.0015941
43,269.696,1.5457,0.66005,0.00242,0.95474,0.86513,0.90704,0.57758,1.39945,0.56277,0.00301,0.0015842,0.0015842,0.0015842
44,275.524,1.58359,0.6942,0.00243,0.93999,0.78618,0.87807,0.52874,1.54411,0.88805,0.00341,0.0015743,0.0015743,0.0015743
45,282.888,1.53745,0.71301,0.00245,0.97334,0.8407,0.90518,0.53767,1.50882,0.63775,0.00316,0.0015644,0.0015644,0.0015644
46,288.732,1.51161,0.61577,0.00227,0.95322,0.84211,0.90187,0.48151,1.86827,0.68108,0.0042,0.0015545,0.0015545,0.0015545
47,294.494,1.56687,0.66392,0.00236,0.97741,0.85405,0.91529,0.57105,1.4669,0.57731,0.00313,0.0015446,0.0015446,0.0015446
48,300.285,1.51484,0.61572,0.00229,0.92806,0.875,0.90828,0.58832,1.42896,0.64418,0.00294,0.0015347,0.0015347,0.0015347
49,306.164,1.5652,0.62955,0.00232,0.97738,0.85293,0.91312,0.59794,1.38906,0.6138,0.00295,0.0015248,0.0015248,0.0015248
50,313.65,1.53386,0.62727,0.00229,0.95701,0.86513,0.90739,0.598,1.4284,0.62955,0.00303,0.0015149,0.0015149,0.0015149
51,319.639,1.53859,0.66158,0.00229,0.98052,0.83553,0.90027,0.51375,1.72987,0.73971,0.00383,0.001505,0.001505,0.001505
52,325.453,1.55218,0.67849,0.00242,0.97471,0.85526,0.91504,0.59528,1.39339,0.53831,0.00309,0.0014951,0.0014951,0.0014951
53,331.267,1.5853,0.71749,0.00243,0.9662,0.84641,0.91366,0.59406,1.43185,0.58465,0.00313,0.0014852,0.0014852,0.0014852
54,338.49,1.56524,0.64559,0.00228,0.98201,0.86184,0.92209,0.60225,1.35939,0.6115,0.00285,0.0014753,0.0014753,0.0014753
55,344.45,1.52469,0.66196,0.00228,0.96806,0.85197,0.91913,0.61107,1.32098,0.5822,0.00277,0.0014654,0.0014654,0.0014654
56,350.404,1.48557,0.61198,0.00221,0.96292,0.85425,0.91407,0.57893,1.43323,0.57217,0.00301,0.0014555,0.0014555,0.0014555
57,359.42,1.50139,0.62425,0.00222,0.97401,0.82895,0.91985,0.59794,1.39914,0.60474,0.00299,0.0014456,0.0014456,0.0014456
58,365.249,1.52485,0.65806,0.00236,0.95337,0.85526,0.92248,0.57091,1.48781,0.56649,0.00318,0.0014357,0.0014357,0.0014357
59,371.047,1.50698,0.61948,0.00224,0.9499,0.87315,0.92394,0.56488,1.49707,0.65,0.00315,0.0014258,0.0014258,0.0014258
60,376.855,1.538,0.65108,0.00236,0.97921,0.86184,0.92244,0.58504,1.42328,0.55239,0.00305,0.0014159,0.0014159,0.0014159
61,382.649,1.49831,0.64538,0.0023,0.92801,0.85197,0.9111,0.56839,1.43325,0.73692,0.00307,0.001406,0.001406,0.001406
62,390.145,1.52906,0.68636,0.00245,0.97389,0.85901,0.92484,0.59007,1.42668,0.62653,0.00296,0.0013961,0.0013961,0.0013961
63,395.942,1.48497,0.65118,0.00235,0.97847,0.86513,0.92566,0.59998,1.39773,0.61529,0.00296,0.0013862,0.0013862,0.0013862
64,401.736,1.50032,0.61954,0.00222,0.93414,0.8865,0.92454,0.57416,1.40874,0.59128,0.00297,0.0013763,0.0013763,0.0013763
65,407.522,1.41428,0.61924,0.00222,0.97282,0.86842,0.92768,0.5876,1.44875,0.55377,0.00302,0.0013664,0.0013664,0.0013664
66,413.311,1.43198,0.58374,0.00208,0.96267,0.86184,0.92697,0.57653,1.43511,0.57732,0.00298,0.0013565,0.0013565,0.0013565
67,419.087,1.45698,0.57725,0.00222,0.98122,0.85934,0.91473,0.59254,1.36287,0.52607,0.00288,0.0013466,0.0013466,0.0013466
68,424.902,1.49842,0.64262,0.00215,0.95724,0.88373,0.9252,0.61051,1.33894,0.51864,0.0028,0.0013367,0.0013367,0.0013367
69,430.69,1.49522,0.60114,0.00213,0.94692,0.88029,0.92894,0.56805,1.5223,0.5942,0.00336,0.0013268,0.0013268,0.0013268
70,436.472,1.40635,0.57698,0.00222,0.96078,0.8865,0.92111,0.57539,1.49203,0.5448,0.00307,0.0013169,0.0013169,0.0013169
71,442.359,1.46841,0.58839,0.00211,0.96489,0.86842,0.9375,0.58806,1.50916,0.60881,0.00319,0.001307,0.001307,0.001307
72,449.808,1.44773,0.61004,0.00216,0.96702,0.86805,0.91256,0.5331,1.64607,0.59305,0.00341,0.0012971,0.0012971,0.0012971
73,455.596,1.45863,0.59622,0.00227,0.97757,0.8601,0.91863,0.58713,1.39459,0.59423,0.00289,0.0012872,0.0012872,0.0012872
74,461.446,1.46056,0.60665,0.00218,0.95122,0.875,0.91596,0.62065,1.32808,0.57809,0.0028,0.0012773,0.0012773,0.0012773
75,469.037,1.44768,0.61099,0.00208,0.97514,0.85526,0.9163,0.59581,1.38768,0.57576,0.00289,0.0012674,0.0012674,0.0012674
76,474.805,1.4768,0.57782,0.00206,0.98165,0.87971,0.9316,0.60988,1.36749,0.57027,0.00293,0.0012575,0.0012575,0.0012575
77,480.593,1.48096,0.65007,0.00226,0.9738,0.85855,0.91761,0.51485,1.61664,0.58553,0.0035,0.0012476,0.0012476,0.0012476
78,486.463,1.43814,0.60911,0.0022,0.9639,0.87834,0.92379,0.55747,1.53535,0.58585,0.00321,0.0012377,0.0012377,0.0012377
79,492.249,1.39544,0.57779,0.00212,0.95198,0.88816,0.9194,0.57459,1.41583,0.56191,0.00295,0.0012278,0.0012278,0.0012278
80,498.073,1.43133,0.60774,0.00206,0.95735,0.88603,0.93181,0.61951,1.36835,0.50876,0.00285,0.0012179,0.0012179,0.0012179
81,503.918,1.4324,0.60443,0.00209,0.93894,0.88816,0.92561,0.59445,1.41371,0.57782,0.00299,0.001208,0.001208,0.001208
82,512.011,1.40716,0.57954,0.00209,0.96717,0.87207,0.9313,0.63286,1.31865,0.49265,0.00274,0.0011981,0.0011981,0.0011981
83,517.944,1.34378,0.52608,0.00205,0.98083,0.88816,0.93297,0.62774,1.3632,0.51309,0.00282,0.0011882,0.0011882,0.0011882
84,523.774,1.48869,0.68384,0.0022,0.97494,0.89579,0.92894,0.61752,1.3618,0.54783,0.00288,0.0011783,0.0011783,0.0011783
85,529.604,1.35456,0.55918,0.002,0.96035,0.89474,0.93028,0.61855,1.34426,0.56794,0.00283,0.0011684,0.0011684,0.0011684
86,537.06,1.46555,0.64734,0.0022,0.98478,0.88816,0.93676,0.59487,1.46327,0.56167,0.00301,0.0011585,0.0011585,0.0011585
87,542.859,1.33418,0.55656,0.00206,0.97738,0.89145,0.9302,0.60168,1.45738,0.5212,0.00298,0.0011486,0.0011486,0.0011486
88,548.66,1.36225,0.5376,0.00201,0.96784,0.89145,0.93247,0.60473,1.42665,0.52182,0.00291,0.0011387,0.0011387,0.0011387
89,554.466,1.4034,0.56021,0.00211,0.96621,0.88158,0.93103,0.57805,1.45035,0.50771,0.00297,0.0011288,0.0011288,0.0011288
90,560.245,1.35241,0.54245,0.00193,0.9713,0.89068,0.9336,0.62237,1.40714,0.48599,0.00289,0.0011189,0.0011189,0.0011189
91,567.674,1.43278,0.57477,0.002,0.95344,0.87579,0.92526,0.58502,1.39723,0.54759,0.00291,0.001109,0.001109,0.001109
92,574.812,1.42564,0.57298,0.00195,0.94927,0.89145,0.92979,0.59992,1.43885,0.51632,0.00306,0.0010991,0.0010991,0.0010991
93,580.621,1.36325,0.54666,0.00206,0.96602,0.88487,0.92975,0.59793,1.39319,0.49652,0.00291,0.0010892,0.0010892,0.0010892
94,586.417,1.36529,0.55825,0.00199,0.98192,0.89349,0.93966,0.6373,1.32775,0.48824,0.00276,0.0010793,0.0010793,0.0010793
95,592.411,1.44324,0.59419,0.00211,0.97645,0.88158,0.92686,0.6103,1.39297,0.50593,0.00286,0.0010694,0.0010694,0.0010694
96,598.244,1.32983,0.54235,0.00197,0.95608,0.89474,0.92717,0.61218,1.33632,0.47956,0.00276,0.0010595,0.0010595,0.0010595
97,604.063,1.33798,0.52724,0.00195,0.9545,0.89716,0.9368,0.63339,1.33969,0.52797,0.00277,0.0010496,0.0010496,0.0010496
98,609.88,1.33726,0.50352,0.002,0.96138,0.90074,0.93788,0.59118,1.38102,0.50067,0.00286,0.0010397,0.0010397,0.0010397
99,615.724,1.32994,0.54034,0.002,0.95455,0.89818,0.92091,0.61738,1.33762,0.53336,0.00281,0.0010298,0.0010298,0.0010298
100,621.522,1.33916,0.55198,0.00207,0.96091,0.89803,0.93471,0.56248,1.52861,0.58512,0.00324,0.0010199,0.0010199,0.0010199
101,628.899,1.42454,0.57412,0.00211,0.96415,0.89145,0.94226,0.61369,1.34769,0.53521,0.00271,0.00101,0.00101,0.00101
102,634.753,1.39201,0.57501,0.00206,0.97449,0.89145,0.94413,0.6099,1.41489,0.49615,0.00287,0.0010001,0.0010001,0.0010001
103,640.588,1.41429,0.58109,0.00207,0.97252,0.89474,0.94368,0.62178,1.39686,0.51765,0.00295,0.0009902,0.0009902,0.0009902
104,646.449,1.29764,0.53768,0.00195,0.95751,0.88964,0.93029,0.60089,1.46225,0.5415,0.00307,0.0009803,0.0009803,0.0009803
105,654.909,1.35505,0.57249,0.00198,0.94636,0.89474,0.93732,0.61733,1.38377,0.55726,0.00293,0.0009704,0.0009704,0.0009704
106,660.685,1.34259,0.53437,0.00192,0.96673,0.89803,0.94104,0.62964,1.36994,0.52272,0.00289,0.0009605,0.0009605,0.0009605
107,666.485,1.33422,0.50814,0.0019,0.95484,0.90426,0.94354,0.64128,1.28407,0.45961,0.00262,0.0009506,0.0009506,0.0009506
108,672.441,1.31489,0.52597,0.00191,0.94629,0.90789,0.94205,0.64604,1.26507,0.46698,0.00262,0.0009407,0.0009407,0.0009407
109,678.355,1.33885,0.51957,0.00202,0.98062,0.88487,0.93738,0.59169,1.43982,0.4845,0.00296,0.0009308,0.0009308,0.0009308
110,684.158,1.36106,0.55741,0.00202,0.97133,0.88816,0.93908,0.60368,1.48635,0.53003,0.00309,0.0009209,0.0009209,0.0009209
111,689.961,1.33008,0.53687,0.00199,0.97112,0.88158,0.93165,0.58266,1.53862,0.52849,0.00324,0.000911,0.000911,0.000911
112,695.808,1.30263,0.49891,0.00188,0.96893,0.89803,0.94694,0.60198,1.46139,0.52574,0.00303,0.0009011,0.0009011,0.0009011
113,701.605,1.32568,0.52317,0.00189,0.97281,0.89145,0.93621,0.60058,1.43763,0.49697,0.00305,0.0008912,0.0008912,0.0008912
114,707.39,1.31355,0.51279,0.00195,0.98897,0.88455,0.93505,0.63195,1.30883,0.47674,0.00271,0.0008813,0.0008813,0.0008813
115,713.191,1.334,0.53078,0.00185,0.97123,0.8883,0.93194,0.62742,1.34974,0.4574,0.00281,0.0008714,0.0008714,0.0008714
116,719,1.33246,0.51075,0.00185,0.94824,0.90132,0.93237,0.5982,1.42307,0.49658,0.00302,0.0008615,0.0008615,0.0008615
117,724.797,1.31633,0.52232,0.00183,0.96313,0.90132,0.94293,0.61263,1.39891,0.52522,0.00289,0.0008516,0.0008516,0.0008516
118,730.597,1.32673,0.55316,0.00187,0.935,0.89911,0.94304,0.63058,1.26087,0.52498,0.00261,0.0008417,0.0008417,0.0008417
119,736.424,1.26681,0.53888,0.0019,0.95464,0.8999,0.94111,0.64158,1.28415,0.5195,0.00265,0.0008318,0.0008318,0.0008318
120,742.265,1.30374,0.53757,0.00186,0.96014,0.90789,0.94179,0.64637,1.31625,0.50842,0.00266,0.0008219,0.0008219,0.0008219
121,748.231,1.31145,0.52417,0.00187,0.94741,0.89803,0.93534,0.63352,1.35531,0.4678,0.00279,0.000812,0.000812,0.000812
122,756.805,1.30375,0.54342,0.00188,0.96025,0.87415,0.93178,0.61067,1.371,0.51771,0.00282,0.0008021,0.0008021,0.0008021
123,762.601,1.24209,0.48454,0.00174,0.95815,0.90376,0.9403,0.64869,1.3327,0.48645,0.00277,0.0007922,0.0007922,0.0007922
124,768.525,1.22725,0.46961,0.00174,0.99051,0.87829,0.93521,0.62636,1.37379,0.48791,0.00283,0.0007823,0.0007823,0.0007823
125,778.749,1.3116,0.54036,0.00189,0.98701,0.88158,0.93644,0.65314,1.26917,0.49005,0.00261,0.0007724,0.0007724,0.0007724
126,784.73,1.24874,0.47868,0.00182,0.96881,0.89803,0.94647,0.6598,1.22634,0.52594,0.00253,0.0007625,0.0007625,0.0007625
127,790.861,1.35852,0.59671,0.00205,0.96898,0.89474,0.93521,0.60759,1.41773,0.49711,0.00298,0.0007526,0.0007526,0.0007526
128,796.691,1.27264,0.50144,0.00187,0.95759,0.90789,0.94083,0.65814,1.19082,0.45645,0.00245,0.0007427,0.0007427,0.0007427
129,802.987,1.22653,0.45179,0.00181,0.96778,0.90132,0.93733,0.64039,1.27973,0.49711,0.00259,0.0007328,0.0007328,0.0007328
130,808.813,1.26844,0.51516,0.00174,0.98869,0.89474,0.93679,0.62336,1.36789,0.51191,0.0028,0.0007229,0.0007229,0.0007229
131,814.643,1.21412,0.47041,0.0017,0.98182,0.88805,0.93956,0.66738,1.22226,0.48344,0.00249,0.000713,0.000713,0.000713
132,820.632,1.27826,0.48477,0.00181,0.98053,0.88816,0.94177,0.63577,1.28927,0.46416,0.00265,0.0007031,0.0007031,0.0007031
133,826.449,1.29236,0.53744,0.00188,0.97454,0.89803,0.94112,0.62699,1.35101,0.48297,0.00278,0.0006932,0.0006932,0.0006932
134,835.118,1.20187,0.46558,0.0018,0.97018,0.90461,0.94283,0.64434,1.25824,0.48706,0.00258,0.0006833,0.0006833,0.0006833
135,842.264,1.24452,0.47136,0.00183,0.97812,0.88235,0.94141,0.61558,1.35946,0.47836,0.00281,0.0006734,0.0006734,0.0006734
136,848.093,1.2685,0.49748,0.00188,0.97717,0.88816,0.93879,0.65427,1.23999,0.46391,0.00258,0.0006635,0.0006635,0.0006635
137,853.878,1.26389,0.50823,0.00187,0.96472,0.89803,0.95102,0.63417,1.34109,0.47823,0.00276,0.0006536,0.0006536,0.0006536
138,859.735,1.23644,0.485,0.00182,0.982,0.89714,0.94659,0.66241,1.20259,0.45636,0.00247,0.0006437,0.0006437,0.0006437
139,868.213,1.1986,0.48134,0.00188,0.97511,0.90196,0.94352,0.65367,1.23681,0.45163,0.00257,0.0006338,0.0006338,0.0006338
140,875.429,1.2379,0.47923,0.00178,0.98481,0.88816,0.94769,0.64226,1.27911,0.47458,0.00263,0.0006239,0.0006239,0.0006239
141,882.767,1.23364,0.48549,0.00176,0.98542,0.88905,0.9427,0.63994,1.29059,0.4742,0.00264,0.000614,0.000614,0.000614
142,888.595,1.25113,0.51736,0.00182,0.9652,0.91231,0.94952,0.63223,1.28513,0.48416,0.00265,0.0006041,0.0006041,0.0006041
143,894.465,1.20035,0.47493,0.00174,0.96531,0.91541,0.9516,0.63556,1.31143,0.46453,0.00267,0.0005942,0.0005942,0.0005942
144,900.315,1.2656,0.5146,0.0019,0.98207,0.9007,0.9472,0.64904,1.23219,0.45372,0.00253,0.0005843,0.0005843,0.0005843
145,907.408,1.19923,0.45557,0.00173,0.97749,0.90461,0.95086,0.65136,1.2626,0.43672,0.00257,0.0005744,0.0005744,0.0005744
146,913.217,1.24188,0.51046,0.00182,0.97516,0.90393,0.94438,0.6507,1.23306,0.44019,0.00252,0.0005645,0.0005645,0.0005645
147,919.028,1.23812,0.49655,0.0018,0.98546,0.8918,0.9436,0.6551,1.22266,0.4508,0.0025,0.0005546,0.0005546,0.0005546
148,924.826,1.20551,0.4545,0.00172,0.97018,0.90461,0.94602,0.66115,1.21582,0.43291,0.00249,0.0005447,0.0005447,0.0005447
149,933.532,1.19982,0.47085,0.00177,0.95479,0.90132,0.93841,0.65529,1.23057,0.4246,0.00247,0.0005348,0.0005348,0.0005348
150,939.332,1.22066,0.47874,0.00177,0.95789,0.89801,0.94446,0.64313,1.28584,0.43741,0.00256,0.0005249,0.0005249,0.0005249
151,945.157,1.21523,0.46283,0.00183,0.96157,0.90541,0.95178,0.65365,1.23023,0.44054,0.00249,0.000515,0.000515,0.000515
152,950.955,1.23965,0.46043,0.00181,0.96397,0.91118,0.94751,0.63952,1.29586,0.45036,0.00265,0.0005051,0.0005051,0.0005051
153,956.783,1.29539,0.49199,0.00185,0.96522,0.91301,0.94701,0.65062,1.22047,0.41235,0.00247,0.0004952,0.0004952,0.0004952
154,962.642,1.27685,0.51537,0.00187,0.96559,0.91447,0.94651,0.65081,1.23744,0.44081,0.00249,0.0004853,0.0004853,0.0004853
155,968.424,1.19026,0.47344,0.00179,0.97146,0.89564,0.94553,0.65796,1.23094,0.44086,0.0025,0.0004754,0.0004754,0.0004754
156,974.268,1.23275,0.46838,0.00177,0.97484,0.89206,0.95332,0.65863,1.20714,0.42348,0.00245,0.0004655,0.0004655,0.0004655
157,980.05,1.23098,0.53644,0.00186,0.97139,0.89359,0.95291,0.66414,1.23497,0.41293,0.0025,0.0004556,0.0004556,0.0004556
158,985.881,1.22128,0.47603,0.00174,0.96053,0.89803,0.94797,0.66542,1.20509,0.40754,0.00243,0.0004457,0.0004457,0.0004457
159,991.678,1.14594,0.44323,0.00168,0.97148,0.89629,0.94522,0.6441,1.30188,0.4458,0.00264,0.0004358,0.0004358,0.0004358
160,997.489,1.23193,0.49354,0.00175,0.97167,0.90269,0.94613,0.65831,1.23399,0.41983,0.00249,0.0004259,0.0004259,0.0004259
161,1003.29,1.20069,0.47374,0.00167,0.97856,0.90074,0.94832,0.65326,1.25732,0.42142,0.00252,0.000416,0.000416,0.000416
162,1009.15,1.24199,0.48947,0.00178,0.98557,0.89886,0.94881,0.66091,1.22444,0.4323,0.00247,0.0004061,0.0004061,0.0004061
163,1016.37,1.26472,0.47234,0.00173,0.98174,0.89803,0.95483,0.6561,1.25262,0.43054,0.0025,0.0003962,0.0003962,0.0003962
164,1022.21,1.23018,0.4529,0.00172,0.98186,0.89803,0.9555,0.64983,1.25024,0.45171,0.00253,0.0003863,0.0003863,0.0003863
165,1028,1.25353,0.4904,0.00178,0.9821,0.89474,0.95619,0.65951,1.20941,0.43032,0.00245,0.0003764,0.0003764,0.0003764
166,1033.85,1.21343,0.49522,0.00175,0.98205,0.90007,0.94913,0.6672,1.20707,0.43086,0.00244,0.0003665,0.0003665,0.0003665
167,1039.67,1.19404,0.47705,0.0017,0.97856,0.90083,0.94881,0.67123,1.20122,0.42125,0.00243,0.0003566,0.0003566,0.0003566
168,1045.67,1.23255,0.46389,0.00174,0.97912,0.89474,0.94936,0.65885,1.25029,0.43439,0.00253,0.0003467,0.0003467,0.0003467
169,1051.52,1.16844,0.42738,0.00174,0.98091,0.89474,0.94938,0.6468,1.28314,0.42679,0.0026,0.0003368,0.0003368,0.0003368
170,1057.57,1.16694,0.43993,0.00167,0.98566,0.89803,0.95452,0.66493,1.194,0.42054,0.00241,0.0003269,0.0003269,0.0003269
171,1063.4,1.1692,0.45305,0.00171,0.9819,0.892,0.94828,0.65081,1.27544,0.42935,0.00258,0.000317,0.000317,0.000317
172,1069.22,1.20515,0.45199,0.00164,0.97708,0.89474,0.95235,0.64707,1.26859,0.44254,0.00255,0.0003071,0.0003071,0.0003071
173,1075,1.2251,0.50352,0.00179,0.98363,0.89803,0.95071,0.64529,1.26099,0.46339,0.00255,0.0002972,0.0002972,0.0002972
174,1080.78,1.23455,0.46355,0.00181,0.98146,0.89474,0.95258,0.64489,1.2797,0.44093,0.00259,0.0002873,0.0002873,0.0002873
175,1089.37,1.20169,0.45477,0.00168,0.97847,0.89706,0.95641,0.63211,1.30551,0.44149,0.00261,0.0002774,0.0002774,0.0002774
176,1095.19,1.22692,0.47549,0.00177,0.97846,0.89668,0.95037,0.64598,1.26631,0.42699,0.00255,0.0002675,0.0002675,0.0002675
177,1101,1.17832,0.45768,0.00164,0.98202,0.89834,0.95303,0.64127,1.31254,0.46645,0.00265,0.0002576,0.0002576,0.0002576
178,1106.8,1.22173,0.44754,0.0017,0.98243,0.89803,0.95631,0.66214,1.19776,0.43977,0.00242,0.0002477,0.0002477,0.0002477
179,1112.61,1.24902,0.47466,0.00184,0.98205,0.89992,0.95409,0.66755,1.2009,0.43782,0.00241,0.0002378,0.0002378,0.0002378
180,1118.4,1.19752,0.42251,0.0017,0.98448,0.89474,0.94605,0.63639,1.33419,0.4596,0.00272,0.0002279,0.0002279,0.0002279
181,1124.21,1.24753,0.48294,0.00168,0.98459,0.89474,0.94667,0.65354,1.22438,0.4375,0.00245,0.000218,0.000218,0.000218
182,1130.03,1.32994,0.54446,0.0019,0.97878,0.90132,0.94932,0.66293,1.19857,0.44111,0.00242,0.0002081,0.0002081,0.0002081
183,1138.5,1.25579,0.48911,0.0018,0.98225,0.89803,0.94954,0.65134,1.28667,0.45105,0.00259,0.0001982,0.0001982,0.0001982
184,1144.3,1.15008,0.42374,0.00161,0.97761,0.90132,0.94976,0.65259,1.24324,0.43571,0.00251,0.0001883,0.0001883,0.0001883
185,1150.14,1.16563,0.44211,0.00168,0.97504,0.89953,0.94935,0.65565,1.23856,0.43322,0.00248,0.0001784,0.0001784,0.0001784
186,1157.32,1.20145,0.47549,0.00185,0.97689,0.89474,0.94894,0.64712,1.29771,0.4364,0.0026,0.0001685,0.0001685,0.0001685
187,1163.11,1.20185,0.445,0.00174,0.97871,0.89145,0.94907,0.64628,1.27408,0.4261,0.00255,0.0001586,0.0001586,0.0001586
188,1168.92,1.19326,0.43593,0.00166,0.98194,0.89416,0.94633,0.65308,1.21242,0.42323,0.00243,0.0001487,0.0001487,0.0001487
189,1177.53,1.16217,0.44437,0.0017,0.98194,0.89416,0.94674,0.65445,1.23717,0.42945,0.00247,0.0001388,0.0001388,0.0001388
190,1183.34,1.185,0.43537,0.00165,0.97811,0.89474,0.9468,0.65153,1.26946,0.43001,0.00253,0.0001289,0.0001289,0.0001289
191,1191.7,1.0849,0.43,0.00177,0.98243,0.88816,0.9477,0.64634,1.28072,0.4271,0.00258,0.000119,0.000119,0.000119
192,1197.37,1.03978,0.36461,0.00162,0.97152,0.89769,0.95258,0.64321,1.28338,0.43229,0.0026,0.0001091,0.0001091,0.0001091
193,1203.03,1.01551,0.35976,0.00163,0.96823,0.90213,0.94816,0.64728,1.24847,0.44345,0.00252,9.92e-05,9.92e-05,9.92e-05
194,1208.65,1.08277,0.36501,0.00177,0.96845,0.90861,0.9535,0.65261,1.23802,0.44065,0.0025,8.93e-05,8.93e-05,8.93e-05
195,1214.31,1.02015,0.34391,0.00163,0.96835,0.90577,0.95262,0.65034,1.25972,0.4388,0.00254,7.94e-05,7.94e-05,7.94e-05
196,1222.94,1.05913,0.40628,0.00172,0.96796,0.90789,0.95217,0.64801,1.26543,0.43707,0.00255,6.95e-05,6.95e-05,6.95e-05
197,1228.57,1.0227,0.33506,0.00166,0.97187,0.90931,0.95316,0.64502,1.26624,0.43276,0.00255,5.96e-05,5.96e-05,5.96e-05
198,1234.19,1.0311,0.33508,0.00177,0.9709,0.91118,0.95337,0.64439,1.24969,0.43124,0.00253,4.97e-05,4.97e-05,4.97e-05
199,1239.84,1.01369,0.36304,0.0017,0.97108,0.91118,0.95341,0.64403,1.24484,0.43287,0.00253,3.98e-05,3.98e-05,3.98e-05
200,1245.48,1.10869,0.38952,0.00165,0.97092,0.91118,0.95371,0.64603,1.24262,0.43217,0.00251,2.99e-05,2.99e-05,2.99e-05
